{
    "dport": {
        "username": "Dan Port",
        "password": "portspassword",
        "email": "dport@hawaii.edu"
    },
    "kazman": {
        "username": "Rick Kazman",
        "password": "kazmanpassword",
        "email": "kazman@hawaii.edu"
    },
    "itm352": {
        "username": "ITM352",
        "password": "grader",
        "email": "itm352@hawaii.edu"
    },
    "newuser": {
        "username": "Joe Schmo",
        "password": "pass",
        "email": "joe@joe.com"
    },
    "testing": {
        "username": "testing",
        "password": "testing",
        "email": "test@test.com",
        "fullname": "Test Name"
    },
    "choyeric": {
        "fullname": "Eric Choy",
        "name": "choyeric",
        "password": "choyeric",
        "email": "choyeric@hawaii.edu"
    },
    "jackjill": {
        "fullname": "Jack Jill",
        "name": "jackjill",
        "password": "jackjill",
        "email": "jack@jill.com"
    },
    "karate": {
        "fullname": "Jackie chan",
        "password": "karate",
        "email": "karate@kid.com"
    },
    "finaltest": {
        "fullname": "Final Test",
        "password": "finaltest",
        "email": "final@test.com"
    }
}